Date,Close,High,Low,Open,Volume,Daily Return,SMA_30,EMA_30,RSI,MACD,MACD_signal,SMA_20,Upper_Band,Lower_Band,Signal,Portfolio_Value
2023-01-27,144.4113922,145.697867,141.5910594,141.6702287,70555800,0.0136844231741468,,133.63786755677606,92.31966407965592,3.5822774273195535,2.3595989942691675,,,,1,10000.0
2023-01-30,141.5118561,144.0353223,141.3634231,143.4514658,64015300,-0.0200783058443502,,134.1458668176292,79.64917888808793,3.61229058705365,2.610137312826064,,,,1,9799.932009099999
2023-01-31,142.7884216,142.8379043,140.7993444,141.2149718,65874500,0.0090209084608283,,134.703450997137,80.29481178527232,3.6964737510953967,2.8274046004799307,,,,1,9888.015028599999
2023-02-01,143.9165802,145.0843084,139.8493653,142.4717821,77663600,0.0079009109237186,,135.29784642957978,78.75714985987531,3.810299722340716,3.0239836248520877,,,,1,9965.857972
2023-02-02,149.2504883,149.6067274,146.6280566,147.3504556,118339000,0.0370624989322807,,136.1980168728327,83.39078336573216,4.28155433773415,3.2754977674285004,,,,1,10333.8976309
2023-02-03,152.8922119,155.7422463,146.2916244,146.4895401,154357300,0.0244000782944171,,137.27506171329512,84.75345583773043,4.89248614024774,3.5988954419923487,138.042356105,151.74955097397785,124.33516123602217,1,10585.1765593
2023-02-06,150.1510468,151.5068004,149.2109358,150.9823169,69858300,-0.0179287425169366,,138.10577042856642,76.32541507611579,5.096713144037608,3.898458982401401,139.13635253500001,153.05091056425877,125.22179450574126,1,10396.0361674
2023-02-07,153.0406189,153.6145849,149.0723547,149.0723547,83322600,0.0192444352642369,,139.06930903962666,80.20505980906643,5.429145030835457,4.2045961920882124,140.348603055,154.6879306759343,126.00927543406574,1,10595.4166423
2023-02-08,150.339035,152.9713572,149.5968399,152.2786448,64120100,-0.0176527246127073,,139.79638813384432,73.88806652097622,5.412215798772991,4.446120113425168,141.397077175,155.41932060159954,127.37483374840045,1,10409.0073532
2023-02-09,149.2999725,152.7239728,148.8546585,152.1796934,56007100,-0.0069114618169525,,140.40952260908017,69.51952132614413,5.254386305860578,4.60777335191225,142.25703429499998,155.9852667934073,128.52880179659266,1,10337.3120407
2023-02-10,149.6667023,149.9937686,147.8926317,148.1305022,57450700,0.0024563286506968,,141.00676000849435,66.6454021834191,5.100106472885159,4.706239976106832,143.139286035,156.35633108759083,129.92224098240916,1,10362.6163969
2023-02-13,152.4814301,152.8877714,149.5774861,149.607218,62199000,0.0188066400658579,,141.74706130472055,68.1367799747558,5.145647778982664,4.794121536681998,144.09547729,157.0982071019198,131.09274747808018,1,10556.8326151
2023-02-14,151.837204,152.4021408,149.5180231,150.7668093,61707600,-0.0042249479138377,,142.3980382528031,68.17743719211666,5.071297172888336,4.849556663923266,144.96107025,157.58059597548325,132.34154452451676,1,10512.3810142
2023-02-15,153.9482574,154.1167434,151.5200545,151.7480043,65573800,0.0139034001179314,,143.14321368165452,68.21064786724374,5.123655833379814,4.904376497814576,145.968336485,158.0419949304067,133.89467803959332,1,10658.0436988
2023-02-16,152.3426666,154.9393554,151.9858684,152.1444336,68167900,-0.010429418475509,,143.73672677316068,62.71298204682566,4.978207018284763,4.919142601908614,146.89235381999998,157.84126023372778,135.94344740627218,1,10547.2579336
2023-02-17,151.1929932,151.6389872,149.5081186,150.9947753,59144100,-0.0075466277810316,142.50490163,144.21777622005354,66.4400597034194,4.71580785183383,4.878475651893658,147.63024063,157.55286980890975,137.70761145109026,-1,10467.930468999999
2023-02-21,147.1591949,149.954117,147.0898255,148.8638959,58867200,-0.0266797965608369,143.13450418666665,144.40754516714688,56.78670988005998,4.134698579522308,4.7297202374193885,148.00612335,157.19713732056715,138.81510937943284,-1,10467.930468999999
2023-02-22,147.5853729,148.6161149,145.8509401,147.5457203,51011300,0.0028960337836152,143.76082966666667,144.6125663112019,55.82366666713336,3.666291570394776,4.517034504014466,148.333053585,156.92756522233316,139.73854194766682,-1,10467.930468999999
2023-02-23,148.0709991,149.0026398,145.930225,148.7548636,48394200,0.0032904764913865,144.38421121666667,144.83569100725342,47.787133709115665,3.296264333381515,4.272880469887877,148.71741637500003,156.46044974373504,140.97438300626501,-1,10467.930468999999
2023-02-24,145.404953,145.8806789,144.4237541,145.8013888,55469600,-0.0180051874857646,144.82768198,144.87241758743062,35.41918377633276,2.7561166458824573,3.969527705086793,148.86456985,156.20862331938744,141.52051638061258,-1,10467.930468999999
2023-02-27,146.6041718,147.8430523,146.1383514,146.3960483,44998500,0.0082474411996129,145.31376545666666,144.9841436656609,42.65142712449983,2.397179454299078,3.6550580549292504,148.97420883,156.1005871160297,141.84783054397033,-1,10467.930468999999
2023-02-28,146.0987091,147.7538517,145.5238667,145.7419109,50547000,-0.0034478057056216,145.73846892666668,145.0560511130376,34.04083662267564,2.048320761699017,3.333710596283204,149.20355148,155.57387494393788,142.8332280160621,-1,10467.930468999999
2023-03-01,144.0173798,145.9202984,143.7200454,145.5238627,55479000,-0.0142460485299388,146.05487009333334,144.98904006058356,35.0401391031522,1.58562377049725,2.9840932311260135,149.26499938999999,155.3939096274941,143.13608915250586,-1,10467.930468999999
2023-03-02,144.6120453,145.4049318,142.6199158,143.0956568,52238100,0.0041291231712856,146.41517384666665,144.9647178179653,38.66792383113743,1.2524797999488726,2.6377705448905857,149.29977264500002,155.30761013435566,143.29193515564438,-1,10467.930468999999
2023-03-03,149.6865082,149.7657984,146.0194246,146.7231003,70732300,0.0350901813847728,146.94264679,145.2693494555159,50.039000184597064,1.3819967517990506,2.3866157862722788,149.32157364,155.33182205317047,143.31132522682952,-1,10467.930468999999
2023-03-06,152.4616089,154.9096382,152.0949051,152.4219562,87558000,0.0185394177028441,147.47685852,145.73336619386973,49.960908681574104,1.6890964508064599,2.2471119191791153,149.30004349,155.25930432982648,143.34078265017354,-1,10467.930468999999
2023-03-07,150.2514496,152.6598263,149.7856293,152.33276,56182000,-0.0144964972883739,147.83052215666666,146.02485544587813,47.05451208415497,1.7341436617005002,2.1445182676833925,149.30506363,155.26751127757026,143.34261598242975,-1,10467.930468999999
2023-03-08,151.5101318,152.1048006,150.4793899,151.450668,47204800,0.0083771717567509,148.17930094333332,146.3787442429183,45.32316783834783,1.850082436484172,2.0856311014435485,149.22853927499997,155.0261258360938,143.43095271390615,-1,10467.930468999999
2023-03-09,149.2503967,153.1652558,148.8935986,152.1939778,53833600,-0.0149147457873176,148.47485605666665,146.56401214337518,44.213596797037575,1.7395703297023033,2.0164189470953,149.17410736,154.94818860398948,143.4000261160105,-1,10467.930468999999
2023-03-10,147.1790161,149.5973135,146.2969337,148.8738114,68572400,-0.0138785600963162,148.63209381,146.60368981799616,42.73931063872486,1.4679242684948406,1.9067200113752079,149.06805953999998,154.9099174241366,143.22620165586335,-1,10467.930468999999
2023-03-13,149.131485,151.777732,146.3861215,146.4951436,84457100,0.0132659461364614,148.78943023666668,146.76677337812544,53.85807954121806,1.3941201810132782,1.8042000453028222,149.04129867499998,154.87650973535273,143.20608761464723,-1,10467.930468999999
2023-03-14,151.2326355,152.0354277,148.7647949,149.934291,73695900,0.0140892481557464,149.11345621666666,147.05489351502058,56.69579060391233,1.488022201578815,1.7409644765580208,148.978858945,154.68435946783396,143.27335842216607,-1,10467.930468999999
2023-03-15,151.6290894,151.8867711,148.5863912,149.8450982,77167900,0.0026214837735867,149.40814514333334,147.35000292695474,56.553541619541654,1.5762605948814041,1.7080237002226977,148.968453215,154.65272359734473,143.2841828326553,-1,10467.930468999999
2023-03-16,154.463623,155.0681973,150.291067,150.8064455,76161100,0.0186938641603424,149.75971323666667,147.8089461574738,66.58197876872924,1.853546795960284,1.737128319370215,148.99422149499998,154.77735627801675,143.2110867119832,1,10467.930468999999
2023-03-17,153.6212006,155.3457279,152.9076041,154.6915953,98944600,-0.0054538562778629,149.90540364666668,148.18393031505613,63.01473926433647,1.9824689922932066,1.7861964539548134,149.058148195,155.02255483457552,143.0937415554245,1,10411.488168199998
2023-03-20,155.9998322,156.4161093,152.7787427,153.6905721,73641400,0.0154837456725356,150.00899098999997,148.68818204956867,67.17086207009274,2.2506325615877074,1.8790836754813924,149.29849014500002,155.9705264433648,142.62645384663523,1,10570.856485399996
2023-03-21,157.8631134,157.9820411,155.1474818,155.9205572,73938300,0.0119441231039991,150.26605987666667,149.28011310443523,74.19472174877603,2.5837218063445277,2.0200113016540193,149.83368607000003,157.43560852122923,142.23176361877083,1,10695.696325799998
2023-03-22,156.4260254,160.6976834,156.4061991,157.8829502,75701800,-0.0091033805747809,150.37890676,149.7411397041491,70.05391129860007,2.7006055416230197,2.1561301496478196,150.275718695,158.34117443549658,142.2102629545034,1,10599.411429799997
2023-03-23,157.5162201,160.112924,156.2773396,157.4171187,67622100,0.0069693946209541,150.61814626333333,150.242757794204,65.36968513171894,2.848372084742948,2.2945785366668456,150.747979745,159.35762488164895,142.13833460835107,1,10672.454474699998
2023-03-24,158.8244934,158.9136892,156.4458487,157.4468588,59196500,0.0083056417883151,150.93563029333333,150.79641815586825,63.25354901929394,3.036047194198801,2.442872268173237,151.41895676500002,160.36059660453276,142.47731692546728,1,10760.108785799997
2023-03-27,156.8720245,159.3398803,156.465668,158.5172617,52390300,-0.0122932480891513,151.17580769999998,151.18839275871548,63.93995124784345,2.9927347643514395,2.5528447674088777,151.9323494,160.88907269481547,142.97562610518452,1,10629.293369499997
2023-03-28,156.2476044,157.0801436,154.5924618,156.564765,45992200,-0.0039804426696871,151.30134684333333,151.5147935097661,60.24872260913254,2.8748839949342084,2.617252612913944,152.439794165,161.15153821214633,143.72805011785366,1,10587.457222799998
2023-03-29,159.3398743,159.6173823,157.9325077,157.9523189,51305700,0.0197908307898511,151.55143585333332,152.01963743171666,71.0679928103349,2.9964653614029544,2.6930951626117468,153.20591889,161.48314065728323,144.92869712271676,1,10794.639306099996
2023-03-30,160.9156952,161.0247173,159.8353951,160.0930768,49501700,0.009889683338353,151.78368378000002,152.59357664257365,79.2899465791517,3.183280174888125,2.7911321650670224,154.021101385,161.93816408253053,146.10403868746948,1,10900.219306399997
2023-03-31,163.4331055,163.532222,160.4697131,160.9949972,68749800,0.0156442806705161,152.1533650766667,153.29290108498824,79.77715247105722,3.494187415369254,2.9317432151274687,154.70843125,163.3908771200348,146.0259853799652,1,11068.885796499999
2023-04-03,164.6918182,164.8107459,162.7591677,162.8087259,56976200,0.007701699702451,152.60332591,154.02831509240838,79.04193303451409,3.7983660395026675,3.1050677800025084,155.319941715,165.00138373681932,145.63849969318068,1,11153.219547399998
2023-04-04,164.156662,165.3558901,163.6412834,165.1180347,46278300,-0.0032494401109234,153.16990814666667,154.68175682838205,76.87088184002565,3.9507058796128547,3.2741953999245776,156.015202335,166.15059404902905,145.87981062097094,1,11117.364081999998
2023-04-05,162.3032684,163.5818017,160.3607121,163.2745617,51511700,-0.0112903952688804,153.66050466333334,155.17346725235743,67.55442357044481,3.8771891038631168,3.3947941407122855,156.554859165,166.82867677261441,146.2810415573856,1,10993.186710799999
2023-04-06,163.1952515,163.4925858,160.5589102,160.9850778,45390100,0.0054957802685875,154.16464641,155.69100171994728,71.39060322990136,3.8465613461804082,3.48514758180591,157.252101905,167.3295441327469,147.1746596772531,1,11052.949578499998
2023-04-10,160.5886688,160.5886688,158.656018,159.9840944,47716900,-0.015972172450128,154.67077027,156.00698024124102,60.14912485993974,3.570797259720422,3.5022775173888125,157.92258454,166.90279882108746,148.94237025891255,1,10878.308537599996
2023-04-11,159.3696289,160.9157497,159.0822001,160.9058441,47644200,-0.0075910704603834,155.09628550666667,156.22392531599965,53.42969593837527,3.2168045816139283,3.4451829302338357,158.434491735,166.41644120363745,150.45254226636254,-1,10796.632864299998
2023-04-12,158.675827,160.6183833,158.3586663,159.7858592,50133100,-0.0043534135380044,155.51552277000002,156.38211252141906,55.30125264519314,2.8474551286060716,3.325637369908283,158.80665131,166.03308177141156,151.58022084858845,-1,10796.632864299998
2023-04-13,164.087265,164.3251355,159.9840928,160.1922314,68445600,0.0341037327632771,156.18451894333333,156.87921913294042,62.8638340075201,2.9573108092568816,3.2519720577780027,159.42956009,166.18324665866345,152.67587352133654,-1,10796.632864299998
2023-04-14,163.7403717,164.8404982,162.3627371,163.1258767,49386500,-0.0021140781400678,156.82212982333334,157.32187413726683,60.0,2.982006127040165,3.1979788716304354,159.893397525,166.48331011933635,153.30348493066367,-1,10796.632864299998
2023-04-17,163.7601929,163.9187732,162.5708705,163.6214388,41516200,0.000121052613929,157.29125264666666,157.73724954131416,65.20785606273336,2.9689525130294783,3.1521735999102445,160.40034714,166.5003850513211,154.3003092286789,-1,10796.632864299998
2023-04-18,164.989151,165.9207916,164.1764381,164.6224472,49923000,0.0075046204955955,157.70883738333333,158.20511415155195,68.79798859089134,3.022927649482284,3.1263244098246528,160.84981308,166.9092015061814,154.79042465381858,-1,10796.632864299998
2023-04-19,166.138855,166.6641392,164.067435,164.3251319,47720200,0.0069683612106108,158.23841756333334,158.71696839983892,65.95352045591824,3.1224808230623182,3.125555692472186,161.26360015999998,167.58867287392988,154.93852744607008,-1,10796.632864299998
2023-04-20,165.1675568,166.3767054,164.0872565,164.6125407,52456400,-0.0058463036837469,158.69366506333333,159.1331353933977,60.268117088474625,3.087412019194147,3.1179269578165782,161.70067673,167.82309656981272,155.57825689018728,-1,10796.632864299998
2023-04-21,163.5520325,164.9693043,163.0267484,163.5817644,58337300,-0.009781123674041,159.17038625666666,159.41822552930753,50.300285716201756,2.8958785447197215,3.073517275197207,162.00246735,167.84505881960428,156.1598758803957,-1,10796.632864299998
2023-04-24,163.8592987,164.1269011,162.4321059,163.5322324,41949600,0.0018787060931206,159.72639567666664,159.70474637902964,47.79182629045689,2.737326504664594,3.0062791210906847,162.25420761499998,167.9523374586797,156.55607777132028,-1,10796.632864299998
2023-04-25,162.3131714,164.8305699,162.2735187,163.7205378,48714100,-0.0094357007033866,160.16578522333333,159.87303186425353,45.359213040964285,2.458572426505583,2.8967377821736644,162.52626496,167.6310929186143,157.42143700138567,-1,10796.632864299998
2023-04-26,162.3032684,163.8097515,161.3518166,161.6094983,45498800,-6.101168447736338e-05,160.53480632,160.02982131817268,50.0,2.211367454426494,2.7596637166242304,162.82904816,166.9985141368499,158.65958218315012,-1,10796.632864299998
2023-04-27,166.9118958,167.0605554,163.7205384,163.7205384,64902300,0.0283951607717591,161.04423319999998,160.47382612345186,58.549912076085754,2.3601273691288895,2.6797564471251625,163.20764923500002,167.41802879468318,158.99726967531686,-1,10796.632864299998
2023-04-28,168.1706085,168.3391096,166.3866325,166.9912068,55209200,0.0075411802973481,161.50113271666666,160.97039272839046,68.59492996937203,2.5501912513700518,2.653843407974141,163.5703949,168.1804726294922,158.9603171705078,-1,10796.632864299998
2023-05-01,168.0814209,168.9337714,167.1398746,167.7741809,52472900,-0.0005303399969559,161.98314005999998,161.42916873946206,72.61949662712196,2.662925011514915,2.655659728682296,163.80281067,168.83326622292412,158.7723551170759,1,10796.632864299998
2023-05-02,167.0407562,168.8346682,166.0496517,168.5769713,48425700,-0.0061914320715978,162.35117086,161.79120664014192,71.3346139481046,2.637886471326226,2.6521050772110817,163.92025757000002,169.1440719852313,158.69644315476873,-1,10730.030323499997
2023-05-03,165.9604645,169.3995987,165.6730508,167.992232,65136000,-0.00646723425214,162.62108256333332,162.06019101819732,56.13239700698351,2.502030881476685,2.622090238064202,164.01044769499998,169.31313813531207,158.7077572546879,-1,10730.030323499997
2023-05-04,164.3152161,165.5540967,162.8483856,163.423228,81235400,-0.0099134959941017,162.88405558666668,162.20567650734588,51.734454124962795,2.2358332577315707,2.5448388419976764,164.11104508,169.35336324963438,158.8687269103656,-1,10730.030323499997
2023-05-05,172.026001,172.749503,169.2409849,169.459029,113316400,0.0469267854981083,163.36771495,162.8392458294526,67.03426429280805,2.616899632771947,2.5592510001525306,164.55258255500001,170.85125019202763,158.2539149179724,1,10730.030323499997
2023-05-08,171.9566193,172.3035119,170.5789847,170.9456885,55962800,-0.0004033210072703,163.80545247999999,163.42746347271373,65.07932327160701,2.880098968968582,2.6234205939157413,165.12098008,171.9434414269267,158.2985187330733,1,10725.728658099997
2023-05-09,170.2420197,171.9962637,170.0735337,171.5106322,45326900,-0.0099711171746675,164.25111898666668,163.86711226157092,58.66830948515779,2.916710458365145,2.682078566805622,165.66459962,172.28720781589337,159.0419914241066,1,10619.423482899996
2023-05-10,172.0160828,172.4819031,170.3708458,171.480893,53724500,0.0104208297289132,164.77673493333333,164.3928522963083,63.99350004441692,3.053676511215855,2.756398155687669,166.33161241,172.67163127704447,159.9915935429555,1,10729.415395099997
2023-05-11,172.2043915,173.0369156,170.6384447,172.303508,49514700,0.0010947156622498,165.20555217333333,164.89682256751422,68.77424010336772,3.14120814109927,2.833360152769989,166.737468735,173.49785315533862,159.97708431466137,1,10741.090534499997
2023-05-12,171.2714691,172.7502476,169.7132756,172.3135561,45497800,-0.0054175296685161,165.55074463666668,165.30809008573914,65.6580881469425,3.099568649513941,2.8866018521187797,167.114023605,174.00913225184897,160.21891495815103,1,10683.249345699996
2023-05-15,170.7752228,171.906644,170.1797316,171.8570172,37266700,-0.0028974253715909,165.79548187999998,165.6608083253689,68.70567448552035,2.99203579713776,2.9076886411225757,167.4647751,174.3552361245128,160.5743140754872,1,10652.482075099997
2023-05-16,170.7752228,171.8371634,170.5072502,170.6958229,42110300,0.0,165.99826203333333,165.99077054953867,68.73576830279448,2.873689137331496,2.90088874036436,167.75407869,174.69259165544398,160.81556572455602,-1,10652.482075099997
2023-05-17,171.390564,171.6287483,169.1376408,170.4179424,57951600,0.0036032229377951,166.2393921,166.33914432053618,62.029242652714586,2.7973058484539024,2.8801721619822684,168.01666414000002,175.09390900662544,160.9394192733746,-1,10652.482075099997
2023-05-18,173.7328033,173.9213761,171.2813882,171.698226,65496700,0.0136660924926999,166.62037659666666,166.8161545772758,64.11776195105122,2.892428562313853,2.8826234420485854,168.444926465,175.82632253416128,161.06353039583874,1,10652.482075099997
2023-05-19,173.84198,175.0627204,173.6236342,175.0627204,55772400,0.0006284173047705,166.97526754666666,167.26943363680638,64.60642173814477,2.942702008645,2.8946391553678685,168.95942384,176.33930277490734,161.57954490509266,1,10659.141853799998
2023-05-22,172.8892059,173.3953781,172.1448494,172.6708601,43570900,-0.0054806905673762,167.38528545,167.6319995892705,64.89566771677626,2.872550199261781,2.890221364146651,169.4109192,176.57886482933705,162.24297357066294,-1,10601.022633699997
2023-05-23,170.2690735,172.0753859,169.9911816,171.8272671,50747300,-0.015154979666663,167.74860027000003,167.8021333899627,60.175628150420806,2.5758389298103737,2.827344877279396,169.808714305,176.15397275269711,163.46345585730288,-1,10601.022633699997
2023-05-24,170.5469666,171.1226041,169.2369069,169.80261,45143500,0.0016320820586364,168.14430492333335,167.9792194035135,65.73367363393504,2.3361866562537443,2.7291132330742656,170.22089921499997,175.49369569396725,164.9481027360327,-1,10601.022633699997
2023-05-25,171.6883087,172.5914497,170.3980878,171.1126712,56058300,0.0066922450909192,168.39767304666665,168.21851548715782,48.72418934060328,2.212848926757772,2.625860371810967,170.45971986,175.53026221347903,165.38917750652098,-1,10601.022633699997
2023-05-26,174.1099548,174.447408,171.8074197,172.0158462,54835000,0.0141048981048061,168.74332581666667,168.59860834605087,56.90761212594199,2.2841788967907632,2.5575240768069265,170.756687175,175.9567841665583,165.5565901834417,-1,10601.022633699997
2023-05-30,175.9658813,177.6431671,175.2413786,175.6284434,55964400,0.0106595082523104,169.15018209666667,169.07391627856373,68.19639252564147,2.4620847890184336,2.5384362192492285,171.150910195,176.68197480038518,165.6198455896148,-1,10601.022633699997
2023-05-31,175.9162598,178.0004641,175.4299414,175.9956596,99625300,-0.0002819950074037,169.51441905666667,169.51535779607576,63.92565213225903,2.569453390746446,2.544639653548672,171.59468537499998,177.16134689392936,166.0280238560706,1,10601.022633699997
2023-06-01,178.7348785,178.7646516,175.5986529,176.3628631,68901800,0.0160225024293063,169.93428650666667,170.11016558342573,69.63007681599048,2.8491396457669964,2.605539651992337,172.233406075,178.00575946821752,166.4610526817825,1,10770.139755699996
2023-06-02,179.5883942,180.4121504,177.9111086,179.667794,61945900,0.0047753169787732,170.41498108666667,170.72166420384988,75.11987167553384,3.103884948181758,2.705208711230221,172.99706498,178.38721041172383,167.60691954827618,1,10821.350697699996
2023-06-05,178.2287292,183.5583172,176.7003087,181.2557822,121946500,-0.0075710070578715,170.90420430999998,171.20599097779507,71.39612023323782,3.1596365104932715,2.7960942710828314,173.30720139,179.15633223561426,167.45807054438572,1,10739.770797699995
2023-06-06,177.8615112,178.7646523,176.0948912,178.615787,64848400,-0.0020603748994244,171.37094472666666,171.63537937922766,69.92196910962097,3.1380155121846656,2.8644785193031983,173.60244598499997,179.75289062069226,167.4520013493077,1,10717.737717699996
2023-06-07,176.4819794,179.8464703,175.9857417,177.0973093,61944600,-0.0077562131947072,171.84323832666666,171.94806325153556,63.72400879149025,2.9752670022598977,2.8866362158945384,173.91444396999998,179.97962061597528,167.84926732402468,1,10634.965809699996
2023-06-08,179.2112885,179.4792459,176.1246894,176.5613658,50214900,0.015465086629689,172.40683899666666,172.41665842885584,64.46550993815558,3.0315739725210165,2.9156237672198344,174.274204255,180.707660956824,167.84074755317602,1,10798.724355699995
2023-06-09,179.5983276,180.8587603,179.270809,180.1342576,48870700,0.0021596803596444,172.82972005666667,172.87999192376836,64.97938413696359,3.0720161825828995,2.9469022502924473,174.64390106000002,181.4173497561514,167.87045236384864,1,10821.946701699995
2023-06-12,182.4070435,182.5062971,179.6082708,179.9060164,54274900,0.0156388755816008,173.30426789,173.49464041255752,72.58604306798583,3.2927500522030755,3.016071810674573,175.20067978,182.60794743086865,167.79341212913135,1,10990.469655699995
2023-06-13,181.9306641,182.7643398,181.0672153,181.4245071,54929100,-0.0026116283168636,173.76590933,174.03890000529577,80.80769994455373,3.390163701025699,3.0908901887447984,175.758451845,183.43763755677753,168.07926613322246,1,10961.886891699996
2023-06-14,182.5658417,183.0025333,180.6503715,181.9902041,57462900,0.0034913168879044,174.28341218000003,174.58902527592184,81.1632908849759,3.478520029863631,3.1684161569685654,176.34798279,184.22418335548264,168.47178222451737,1,10999.997547699995
2023-06-15,184.6103363,185.1165084,182.3971205,182.5757739,65433200,0.011198669920738,174.90507457333334,175.2355614710237,82.00603818553448,3.671197406248183,3.268972406824489,177.008971405,185.33921318304405,168.67872962695597,1,11122.667223699995
2023-06-16,183.5285492,185.5829805,182.8834462,185.3249272,101235600,-0.0058598403625789,175.54551901,175.77059293740925,74.9869857271714,3.6940220503529133,3.353982335530174,177.4987587,186.16314671761677,168.83437068238322,1,11057.759997699995
2023-06-20,183.6178589,184.6996685,183.0223828,183.0223828,49799100,0.0004866256524627,175.93191427333335,176.27686816080222,72.39990025516518,3.6769319094053117,3.418572250305202,177.987552645,186.88324243574627,169.09186285425372,1,11063.118579699994
2023-06-21,182.5757751,184.0148614,181.2160736,183.5086893,49515700,-0.0056752856516398,176.28588613333335,176.68324925365368,68.42409182328257,3.538510647871931,3.442559929818548,178.47188110500002,187.252845261073,169.69091694892705,1,11000.593551699994
2023-06-22,185.5928802,185.642507,182.2879357,182.3574162,51245300,0.0165252213682098,176.79758148333335,177.25806415341796,68.7671094191004,3.6304167825922775,3.4801313003732943,179.23807144,187.672736099244,170.803406780756,1,11181.619857699996
2023-06-23,185.2752991,186.1486823,183.617867,184.1538122,53079300,-0.0017111707068597,177.23955536,177.7753051177136,66.03264027245672,3.6357166376285193,3.5112483678243396,179.974488065,187.76109699056187,172.18787913943814,1,11162.564991699996
2023-06-26,183.8759155,186.6349958,183.836208,185.4241747,48088700,-0.0075529960377758,177.62860616,178.16889288431273,65.88508995319683,3.486804537299321,3.5063596017193364,180.583868405,187.49887196696326,173.66886484303674,-1,11078.601975699996
2023-06-27,186.6448975,186.9724161,184.2728822,184.4912279,50730800,0.0150589705697483,178.1410537733333,178.71573189177644,71.76596764101275,3.551287301573609,3.515345141690191,181.21061554,187.9243144913609,174.4969165886391,1,11078.601975699996
2023-06-28,187.825943,188.4710459,186.1883649,186.5158684,51216800,0.0063277674119111,178.70941111333332,179.3034874471457,78.39057991128975,3.6555519311152977,3.5433864995752127,181.80361862499998,188.6603877985755,174.94684945142447,1,11148.283660199995
2023-06-29,188.1633911,188.6397902,187.5182882,187.6572342,46347300,0.0017966000575331,179.28901672333333,179.87509413442663,75.45158503842879,3.7225009687207375,3.5792093934043177,182.41597518999998,189.24638239630977,175.5855679836902,1,11168.193098099995
2023-06-30,192.510437,193.016594,189.8208223,190.1880484,85069600,0.0231025061495078,179.99301249,180.69027754510878,79.963302134727,4.079305147258083,3.679228544175071,183.104753115,191.0581447538195,175.15136147618048,1,11424.668806199994
2023-07-03,191.0117798,192.4210927,190.317035,192.3218391,31458200,-0.0077848101295411,180.56897837333335,181.3561809163921,71.26045636976791,4.192813770929689,3.7819455895259946,183.675922395,192.187211334582,175.16463345541797,1,11336.248031399995
2023-07-05,189.8903198,191.5278982,189.1856556,190.1285194,46920300,-0.0058711562248896,181.10392303333336,181.90677052178617,69.05905306994445,4.144502478695983,3.8544569673599924,184.25900192499998,192.79680484525758,175.72119900474237,1,11270.081891399994
2023-07-06,190.3666687,190.5750952,187.7763078,188.4114913,45094300,0.0025085475684158,181.68650512666667,182.4525704042516,68.82190720349298,4.0974202961345725,3.9030496331149087,184.88425980000002,193.27979284163328,176.48872675836677,1,11298.186476499994
2023-07-07,189.2451782,191.2202095,188.8085018,189.9696961,46778000,-0.0058912125093041,182.31904194999998,182.89080316526764,61.7043067029934,3.9243746682459175,3.9073146401411107,185.52241974,193.13235732454666,177.91248215545335,1,11232.018536999994
2023-07-10,187.1907806,188.5604015,185.632587,187.8358836,59922200,-0.0108557460725833,182.87383575,183.16822106428265,58.81516376176998,3.580191821686469,3.8418900764501824,185.921394345,192.95286343482127,178.88992525517875,-1,11110.809078599996
2023-07-11,186.6647491,187.8755702,185.19589,187.7366242,46638100,-0.0028101357252421,183.37305043,183.3938035181999,57.18299180885936,3.2277703627389087,3.719066133707928,186.27471541999998,192.64771910750542,179.90171173249453,-1,11110.809078599996
2023-07-12,188.3420563,190.2575265,187.0518353,188.252722,60750200,0.0089856665925789,183.84745381333332,183.71304563315474,63.19860414560986,3.04867525999947,3.584987958966237,186.57146605999998,192.7354681671601,180.40746395283986,-1,11110.809078599996
2023-07-13,189.1062469,189.751365,188.3519711,189.0665546,41342300,0.0040574612755781,184.28546599999999,184.06099410198348,58.96661834726135,2.9345769195626303,3.4549057510855157,186.9302452,192.78442950724212,181.07606089275788,-1,11110.809078599996
2023-07-14,189.2551422,189.7414455,188.2031207,188.7985969,41573900,0.0007873632015906,184.73009541333334,184.39610043088777,60.245347966559805,2.823618848627035,3.32864837059382,187.264710225,192.82602949542002,181.70339095457996,-1,11110.809078599996
2023-07-17,192.530304,192.8578226,190.3666998,190.4560189,50520200,0.0173055366524144,185.18994293,184.92088775792726,70.31693288314935,2.965774362866938,3.2560735690484437,187.66070861,193.5447418594317,181.7766753605683,-1,11110.809078599996
2023-07-18,192.2722626,192.8677539,190.9721222,191.8951322,48353800,-0.0013402638163392,185.6127385433333,185.39517000580292,64.9763370862942,3.0227672681789386,3.2094123088745428,188.09789428000002,193.98852622168593,182.2072623383141,-1,11110.809078599996
2023-07-19,193.631958,196.7383957,191.2003811,191.6470072,80507300,0.0070717189344604,186.12617950333333,185.9265756828479,65.30623887539053,3.1414380689996904,3.1958174608995726,188.598599235,194.5874287033683,182.6097697666317,-1,11110.809078599996
2023-07-20,191.6767731,194.9916372,191.0515087,193.6220163,59581200,-0.0100974287519212,186.58668823333332,186.29755616137385,58.534292822001554,3.042644737802277,3.1651829162801137,189.053649135,194.47142121464017,183.63587705535983,-1,11110.809078599996
2023-07-21,190.4957428,193.5029422,189.7910786,192.6394934,71917800,-0.0061615723225048,187.05381368000002,186.56840691225295,44.21659598475189,2.8363552978293285,3.099417392589957,189.298792265,194.49644390864705,184.10114062135295,-1,11110.809078599996
2023-07-24,191.2996368,193.4433874,190.8033991,191.9546743,45377800,0.0042200103172069,187.45675862333331,186.8736475501721,50.86065530294827,2.706537676222837,3.020841449316533,189.60000914999998,194.50595112746302,184.69406717253693,-1,11110.809078599996
2023-07-25,192.1630554,192.9768924,191.4683258,191.8752443,37283200,0.0045134356470455,187.87558288333332,187.21489966951586,56.901680695542,2.6428616766596633,2.9452454947851594,190.014366145,194.23697173469705,185.79176055530294,-1,11110.809078599996
2023-07-26,193.0364685,194.1678899,191.8653548,192.2127121,47471900,0.0045451665939737,188.22989704999998,187.59048475535354,57.91654519640742,2.6325289707151853,2.882702189971165,190.33394469499999,194.44891262456034,186.21897676543963,-1,11110.809078599996
2023-07-27,191.7660828,195.7161303,191.1011261,194.5450167,47460200,-0.0065810657948294,188.55774434000003,187.8598781775888,57.409610180734624,2.4930919062776127,2.804780133232455,190.530951685,194.51556094428796,186.54634242571203,-1,11110.809078599996
2023-07-28,194.3564453,195.1504286,192.6791596,193.2051703,48291400,0.0135079283165082,188.95076446,188.27901154032503,70.41847517255104,2.5620736431851583,2.756238835222996,190.84060439499999,195.00884621209033,186.67236257790964,-1,11110.809078599996
2023-07-31,194.9717712,195.0114787,193.7907232,194.5847065,38824100,0.0031659660118306,189.29614562333336,188.71080248611054,73.55091188111393,2.6360075698997605,2.732192582158349,190.963671105,195.47104352680608,186.45629868319392,-1,11110.809078599996
2023-08-01,194.138092,195.2496595,193.8105734,194.7633563,35175100,-0.0042758969407157,189.64979705,189.06095019668408,67.25762698002427,2.5973887151046995,2.7052318087476195,191.119986715,195.84592569450584,186.39404773549418,-1,11110.809078599996
2023-08-02,191.1309052,193.711332,190.4064024,193.572386,50389300,-0.0154899369259279,189.90023192666666,189.194495680769,55.318062823188875,2.297642360890876,2.623713919176271,191.182015985,195.87243078576333,186.49160118423666,-1,11110.809078599996
2023-08-03,189.7315063,190.9224737,189.2551224,190.1285056,61235200,-0.0073216777712409,190.13875629999998,189.229141527171,51.174109998095524,1.924981431966728,2.4839674217343624,191.150257865,195.8724110949242,186.42810463507578,-1,11110.809078599996
2023-08-04,180.6205902,185.9700316,180.5511097,184.1240269,115799700,-0.0480200483181426,189.9730133,188.67375111896644,27.2036129730799,0.8842767824453688,2.1640292938765637,190.719028465,197.3593260098483,184.0787309201517,-1,11110.809078599996
2023-08-07,177.5042267,181.7520201,176.0155136,180.7595447,97576100,-0.0172536447619248,189.71397755333334,187.95313664032344,24.52052103930947,-0.18976613421605748,1.6932702082580395,190.23470077,199.0238730071522,181.4455285328478,-1,11110.809078599996
2023-08-08,178.447052,178.9135166,176.2437557,178.3378791,67823000,0.0053115653498971,189.53301543666666,187.33984085707678,23.418931078504485,-0.9538790377631585,1.1638403590538,189.823815915,199.978026213512,179.669605616488,-1,11110.809078599996
2023-08-09,176.8491821,179.5685549,175.6780534,179.5090088,60378500,-0.0089543081944554,189.20649159,186.66302416307184,23.715602519001166,-1.6691379822771069,0.5972446907876187,189.249172205,200.94086192524043,177.5574824847596,-1,11110.809078599996
2023-08-10,176.6308289,179.389909,176.2636178,178.1294611,54686900,-0.0012346859476937,188.83332112000002,186.0157857590027,24.55362103266981,-2.227923017639597,0.03221114910217554,188.625401305,201.6089901191395,175.6418124908605,-1,11110.809078599996
2023-08-11,176.6904755,177.5153443,175.4581538,176.2233961,51988100,0.0003376907665069,188.45089059999998,185.41415283906707,22.434655656610957,-2.635569991582969,-0.5013450790348534,187.99716797000002,202.0262868286379,173.96804911136215,-1,11110.809078599996
2023-08-14,178.3501434,178.5787168,176.2134309,176.8693528,43675600,0.0093930807266406,187.97888081333335,184.95841029461116,24.697357919859584,-2.792521378101725,-0.9595803388482277,187.28815993999999,201.7783653347675,172.79795454523247,-1,11110.809078599996
2023-08-15,176.3525696,178.370014,175.9550494,177.7737337,43622600,-0.0112002926486012,187.49024047333333,184.4031947659266,20.64714995733945,-3.0430159996979,-1.3762674710181622,186.49217529,201.56681606823057,171.41753451176945,-1,11110.809078599996
2023-08-16,175.4780273,177.4358301,175.408453,176.0345617,46964900,-0.0049590561792415,187.00983072333332,183.8273775100604,20.938797190532114,-3.274358282718282,-1.755885633358186,185.58447875500002,201.0306124774895,170.13834503251053,-1,11110.809078599996
2023-08-17,172.9238892,176.4121759,172.4071009,176.0444691,66062900,-0.014555315781123,186.42840474000002,183.12392665134684,11.710467758136616,-3.622043643116399,-2.129117235309829,184.64683456,200.7965317570153,168.49713736298472,-1,11110.809078599996
2023-08-18,173.4109039,174.0171321,170.8965515,171.2344452,61114200,0.0028163529183451,185.90059559666668,182.4972800222277,11.303832051918931,-3.8143196771249848,-2.4661577236728602,183.79259261500002,200.43940196360646,167.14578326639358,-1,11110.809078599996
2023-08-21,174.7525177,175.0407327,172.6655142,173.9872907,46311900,0.0077366173050668,185.48598683333333,181.9976179369227,15.830897675237026,-3.814471939928012,-2.735820566923891,182.96523666000002,199.68571969646152,166.24475362353851,-1,11110.809078599996
2023-08-22,176.1339264,176.5811404,175.1599914,175.9649796,42084200,0.0079049430484972,185.13495941000002,181.61931525712126,21.95917848941326,-3.6609236234354796,-2.9208411782262087,182.16378021,198.56146559280805,165.76609482719195,-1,11110.809078599996
2023-08-23,179.9998779,180.4272265,177.2271391,177.4159664,52722800,0.021948931583007,184.85688679666666,181.51483542762958,33.34075153554254,-3.190507317084524,-2.974774405997872,181.51195067999998,197.10661168218118,165.9172896778188,-1,11110.809078599996
2023-08-24,175.2891846,179.979995,174.9214625,179.5526464,54945800,-0.0261705360856803,184.39631805333335,181.11318053552446,39.25451848091485,-3.161370276871253,-3.0120935801725484,180.68810577000002,195.73309150128253,165.6431200387175,-1,11110.809078599996
2023-08-25,177.5054016,178.0420554,174.7326628,176.2830127,51449600,0.0126432044570079,184.00466003333332,180.8804206042003,50.002457177054865,-2.925722860443557,-2.9948194362267504,179.845553585,193.48974105764515,166.20136611235486,-1,11110.809078599996
2023-08-28,179.0756378,179.473158,177.4457808,178.9762502,43820700,0.0088461319252608,183.55617116,180.76398300392933,51.28100197730361,-2.5824962377672023,-2.912354796534841,179.05074691500002,190.68946862200613,167.4120252079939,-1,11110.809078599996
2023-08-29,182.981308,183.7564829,178.3898852,178.5886452,53003900,0.021810170540127,183.24647267333333,180.9070362294823,61.422322760772516,-1.9725928993425157,-2.724402417096376,178.492907715,187.95231563449647,169.03349979550353,1,11110.809078599996
2023-08-30,186.4894867,186.6882619,183.5974949,183.796255,60813900,0.0191723337118125,183.00839029666668,181.26719432435442,66.35881610402416,-1.1924140011540203,-2.418004733907905,178.26083679,186.57292118420932,169.9487523957907,1,11321.299800599994
2023-08-31,186.7081299,187.9503994,186.3205424,186.6783166,60794500,0.001172415688782,182.84276885666668,181.618222426009,66.5353945216153,-0.5501323413065791,-2.0444302553876397,178.10966797,185.61411591104041,170.6052200289596,1,11334.418392599993
2023-09-01,188.2883148,188.7454615,187.1156045,188.3181281,45732600,0.0084633963226259,182.76918792333333,182.0485509662665,66.44735462384655,0.0854037356827746,-1.618463457173557,178.49305420000002,187.22128945409793,169.7648189459021,1,11429.229486599994
2023-09-05,188.5268097,188.8050768,186.4497388,187.1155934,45280000,0.0012666473766751,182.67676035333335,182.46650314263644,71.39360603170401,0.6013828337720781,-1.17449419898443,179.04418335,188.83664590143633,169.25172079856367,1,11443.539180599995
2023-09-06,181.7788086,187.6820755,180.3477118,187.2348463,81755800,-0.0357933235635716,182.33061879333334,182.42213575278893,59.177736088573745,0.46048451422640824,-0.8474984563422623,179.21077118,189.07356797249562,169.34797438750437,-1,11038.659114599994
2023-09-07,176.4618835,177.1078727,172.4667409,174.0965977,112488800,-0.0292494220913273,181.7781326266667,182.0376033493832,54.76957055351155,-0.07929576706121111,-0.693857918486052,179.19140625,189.07522495791582,169.30758754208418,-1,11038.659114599994
2023-09-08,177.0780487,179.1253215,176.6904612,177.2470107,65551300,0.0034917750382055,181.28853149,181.71763208168107,54.92652343490533,-0.45214411089554574,-0.6455151569679508,179.21376723999998,189.075192531277,169.35234194872297,-1,11038.659114599994
2023-09-11,178.2507324,179.1849213,176.243221,178.956348,58953100,0.0066224114655042,180.75167439333333,181.49396113447585,54.7210071278325,-0.6455617020945965,-0.64552446599328,179.291780085,189.09366316403433,169.48989700596567,-1,11038.659114599994
2023-09-12,175.2096863,179.0160017,173.7388435,178.3799603,90370200,-0.0170604970821427,180.09293823,181.08852404838066,48.80617178841482,-1.0323334444631485,-0.7228862616872538,179.13475723,189.0994213037176,169.17009315628238,-1,11038.659114599994
2023-09-13,173.1326141,176.2035006,172.9040256,175.4183778,84267900,-0.0118547795151208,179.39275563333334,180.57523953558191,40.69985860698666,-1.4892876238748158,-0.8761665341247662,178.973759455,189.227547114182,168.719971795818,-1,11038.659114599994
2023-09-14,174.6531525,175.0109267,172.5065072,172.9239079,60895800,0.0087825070273688,178.84349720999998,180.19316940425406,49.05717309952122,-1.7090317083269895,-1.042739568965211,178.932515715,189.2519327395006,168.61309869049938,-1,11038.659114599994
2023-09-15,173.9276428,175.4084334,172.7450151,175.3885528,109205100,-0.0041540028886681,178.31670176,179.78894188139896,44.451254686601985,-1.9195951498969066,-1.2181106851515502,178.982703395,189.18821306205254,168.77719372794743,-1,11038.659114599994
2023-09-18,176.8693542,178.2706378,175.0804832,175.3885636,67257600,0.0169134207342918,178.19166056,179.60058138582485,46.71789726505014,-1.8280243425810738,-1.340093416637455,179.15562591,189.07686609366215,169.23438572633785,-1,11038.659114599994
2023-09-19,177.9625397,178.5190739,176.0345353,176.4221227,51826900,0.0061807513514402,178.20693766000002,179.49490127706196,41.8522097559407,-1.6482429654238615,-1.4017233263947364,179.31612701,189.0393294600008,169.5929245599992,-1,11038.659114599994
2023-09-20,174.4046936,178.5886485,174.3152387,178.1513673,58436200,-0.0199921067995413,178.07219238,179.16650078176764,30.412360344505274,-1.7724219973898414,-1.4758630605937575,179.22966537,189.1016291597307,169.3577015802693,-1,11038.659114599994
2023-09-21,172.8543243,175.2096774,172.7847651,173.4705003,63047900,-0.0088894929832323,177.93903045333334,178.75926358939554,28.474331434490225,-1.9731909039456639,-1.5753286292641389,178.87238769,189.1364099616589,168.60836541834112,-1,11038.659114599994
2023-09-22,173.7090302,175.9848765,172.9736163,173.5897771,56725400,0.004944660212935,177.84163716333333,178.4334420804023,26.82462231993253,-2.0398203070427314,-1.6682269648198573,178.79337997,189.196914788879,168.38984515112097,-1,11038.659114599994
2023-09-25,174.9910431,175.8755383,173.0729712,173.122665,46172700,0.0073802317503239,177.7849894166667,178.21135182360217,29.174316396072044,-1.9665081800442294,-1.727883207864732,178.667662045,189.19674034638473,168.13858374361524,-1,11038.659114599994
2023-09-26,170.8965302,174.1164829,170.5983825,173.7388433,64588900,-0.0233984141557471,177.53653564333334,177.7394278478859,31.768237002861454,-2.2132873639622517,-1.824964039084236,178.258706665,189.34184922517358,167.17556410482644,-1,11038.659114599994
2023-09-27,169.3759766,171.9698357,168.0045214,171.552435,66921800,-0.0088975100794644,177.30398254333335,177.1998503480223,36.39832118756818,-2.502707953482542,-1.9605128219638974,177.578440095,189.10247366065832,166.05440652934166,-1,11038.659114599994
2023-09-28,169.6343842,170.9660934,166.583363,168.2927271,56294400,0.001525644930215,177.10919444,176.7117557578273,35.51261288015645,-2.680327376571256,-2.104475732885369,176.73568497000002,187.97764077622807,165.49372916377197,-1,11038.659114599994
2023-09-29,170.1511688,171.9996664,169.286539,170.956157,51814200,0.0030464613789071,177.01677042666668,176.28849208312877,33.82303924811633,-2.7477178695715736,-2.23312416022261,175.90783691500002,186.47603156664374,165.3396422633563,-1,11038.659114599994
2023-10-02,172.6754303,173.2220318,169.8728635,170.1610785,52164500,0.0148354049978174,176.99225464,176.05539132292694,44.831734606760996,-2.5678380749755547,-2.3000669431731993,175.12719269,184.01830141453465,166.23608396546533,-1,11038.659114599994
2023-10-03,171.333786,172.55619,169.7635709,171.1946524,49594600,-0.0077697463829629,176.87829691666667,175.75077162467358,46.21809605034068,-2.5046692561328143,-2.340987405765122,174.267541505,180.6839073114971,167.85117569850289,-1,11038.659114599994
2023-10-04,172.5860138,173.1326154,169.9126475,170.0319005,53020300,0.0073087032583285,176.76003316333333,175.5465937005011,45.6044012849665,-2.326741960958202,-2.338138316803738,173.807901765,179.19285822793776,168.42294530206223,-1,11038.659114599994
2023-10-05,173.8282928,174.3649466,171.6120731,172.715209,48527900,0.0071980282332706,176.55431366,175.43573557788812,49.793283556152396,-2.06172547657971,-2.2828557487589327,173.67622223,178.9147304197643,168.4377140402357,-1,11038.659114599994
2023-10-06,176.3923187,176.8892265,172.1089612,172.7251371,57224100,0.0147503370061286,176.59108479666665,175.4974506180244,48.99158839723653,-1.6260583531882276,-2.1514962696447917,173.64193573000003,178.79497456115874,168.48889689884132,1,11038.659114599994
2023-10-09,177.8830414,177.9426679,174.7127675,175.7165157,42390800,0.0084511769615962,176.60367279000002,175.6513597007325,49.83472530244365,-1.147275082688509,-1.9506520322535352,173.62355118,178.70954442054065,168.53755793945933,1,11131.083921999993
2023-10-10,177.2867584,178.6085349,176.8494771,176.9985586,43698000,-0.0033521070660084,176.54404347666664,175.75686929423364,56.83316743951798,-0.8066523598447191,-1.7218520977717722,173.72740478500003,179.02998321432153,168.42482635567853,1,11094.114375999994
2023-10-11,178.6880341,178.7377279,176.5016429,177.0979232,47551100,0.0079040065521329,176.4009343466667,175.94597670105728,63.92978534637279,-0.41880740878653455,-1.4612431599747246,174.00517578499998,179.74090476943658,168.26944680056337,1,11180.993469399995
2023-10-12,179.5924072,181.2123162,177.932722,178.9563659,56743100,0.0050611844523056,176.1710316966667,176.18123028163424,64.01513840966868,-0.03802382480890287,-1.1765992929415603,174.25213852,180.50717030301166,167.99710673698831,1,11237.064601599994
2023-10-13,177.743927,180.8048657,177.0383113,180.2980252,51427100,-0.0102926411468022,175.8722249333333,176.28204942475463,56.385473575714805,0.11328710195203939,-0.9186220139628404,174.44295273,180.88630663669394,167.99959882330606,1,11122.458829199993
2023-10-16,177.6147156,177.9724898,175.4183765,175.6568977,52517000,-0.0007269525444884,175.51643829333335,176.3680278876737,69.09602850861174,0.22023706563138035,-0.6908501980439963,174.4802208,180.9909362247016,167.9695053752984,1,11114.447722399995
2023-10-17,176.0544128,177.3165628,173.7189555,175.5575051,57549400,-0.0087847608500746,175.10069173000002,176.34779465621088,68.94024471398629,0.17705134867779293,-0.5172698886996384,174.384814455,180.73460452181766,168.03502438818234,-1,11017.708948799993
2023-10-18,174.7525177,176.4817622,174.0270366,174.4941311,54764400,-0.0073948450328192,174.86648203333334,176.2448735622618,63.70407340037996,0.037343826293323445,-0.4063471457010461,174.40220566,180.7541299006636,168.0502814193364,-1,11017.708948799993
2023-10-19,174.3748627,176.7401331,174.1065283,174.9512623,59302900,-0.0021610847441313,174.79691467333333,176.1242277001804,61.394055858929015,-0.10266552972063892,-0.34561082250496467,174.47823258,180.7884111826504,168.1680539773496,-1,11017.708948799993
2023-10-20,171.8108368,174.3351216,171.5723156,174.2258013,64189300,-0.0147041027605637,174.62134094333334,175.8459444162978,47.67262088799752,-0.415727170703434,-0.3596340921446586,174.38332291,180.7984424276785,167.9682033923215,-1,11017.708948799993
2023-10-23,171.9300995,172.9338478,168.8790783,169.8530285,55980100,0.000694151208511,174.41065318,175.59330926040764,51.71828262556842,-0.6467519199554488,-0.4170576577068166,174.23027573,180.7298443797829,167.7307070802171,-1,11017.708948799993
2023-10-24,172.3673859,172.5959592,170.3896873,171.9797984,43816600,0.0025433964225676,174.31590983333336,175.3851851726394,49.338976667759624,-0.7855005785437186,-0.490746241874197,174.303818515,180.67660925199567,167.9310277780043,-1,11017.708948799993
2023-10-25,170.0418701,171.9897404,169.5946409,170.8170451,57157000,-0.0134916230692803,174.21288503333335,175.040455167953,39.25551969537067,-1.0707664509015444,-0.6067502836796665,174.33711319000003,180.60763908230012,168.06658729769993,-1,11017.708948799993
2023-10-26,165.8578644,170.3201013,164.6454083,169.316338,70625300,-0.0246057379722972,173.91970876333335,174.44802995711734,22.623979969538354,-1.6158297235362795,-0.8085661716509891,174.1482872,181.1945478146862,167.1020265853138,-1,11017.708948799993
2023-10-27,167.179657,167.915086,165.7982539,165.877761,58499100,0.0079694297571093,173.69477590333332,173.9791026695614,21.938599634822054,-1.9190174394348674,-1.0306564252077648,173.99971161,181.51082412595332,166.48859909404666,-1,11017.708948799993
2023-10-30,169.2368317,170.1113941,167.8256155,167.9746969,51131000,0.0123051735893919,173.44035848666667,173.67314970378328,30.39687828572923,-1.9705834238063176,-1.2186418249274755,173.82778168,181.6187340488118,166.03682931118817,-1,11017.708948799993
2023-10-31,169.7138824,169.8430682,166.8616216,168.3026662,44846000,0.0028188349734981,173.16540324333334,173.41771310353923,27.116133699107777,-1.9504720061622152,-1.3650078611744234,173.7467865,181.67930329464986,165.81426970535017,-1,11017.708948799993
2023-11-01,172.894104,173.1524906,169.0679078,169.9424704,56934900,0.0187387239925636,173.11505025666668,173.38393187105282,34.69580573383311,-1.6587947050887806,-1.423765229957295,173.76219101,181.68640886639088,165.83797315360914,-1,11017.708948799993
2023-11-02,176.471817,176.6805098,174.3748658,174.4344923,77334800,0.0206930885277614,173.23563334666667,173.58315026646878,47.30634842925874,-1.1259673529077077,-1.3642056545473775,173.89436722,181.91087818921815,165.87785625078183,1,11017.708948799993
2023-11-03,175.5575256,175.7264876,172.2779462,173.1624415,79763700,-0.0051809485250553,173.29724986000002,173.71052932024497,45.78413457448857,-0.7686134154107833,-1.245087206720059,173.852627565,181.82293587037037,165.88231925962964,1,10961.022881999992
2023-11-06,178.1215668,178.3203269,175.1202546,175.2892014,63841300,0.0146051340791968,173.40160065,173.995112383455,54.06889132739113,-0.27533723286575196,-1.0511372119491975,173.86455383499998,181.8609264413767,165.86818122862326,1,11119.993436399993
2023-11-07,180.6955719,181.3117328,177.8631912,178.071884,70530000,0.0144508334742539,173.72823537333335,174.42740009419984,61.140145622775506,0.31960419713809074,-0.7769889301317399,174.03499451,182.47169009449485,165.59829892550513,1,11279.581752599994
2023-11-08,181.7589264,182.3154607,180.4669631,181.2222727,49340300,0.0058847844959282,174.14100036666665,174.90040179134823,63.494396052641086,0.866910187059716,-0.4482091066934487,174.188539125,183.0812508808518,165.2958273691482,1,11345.509731599994
2023-11-09,181.2819061,182.9813223,180.6856107,181.8285077,53763500,-0.0026244669763851,174.52925109666666,175.31211174674513,68.73772078422043,1.2477789565189994,-0.10901149405095911,174.27301407,183.4105926484052,165.13543549159476,1,11315.934472999992
2023-11-10,185.4912567,185.6604413,182.6352534,183.0731107,66133400,0.0232199158236896,175.04058736,175.9688307759874,73.09239292640781,1.8677493627162107,0.28634067730247487,174.66038055500002,184.99584378732882,164.3249173226712,1,11576.914210199993
2023-11-13,183.8990631,185.1230623,183.3119431,184.9140946,43627500,-0.0085836584878774,175.41470845333333,176.4804586678592,68.89340540352367,2.2051836745491755,0.6701092767518151,174.97459793,186.04427257468896,163.904923285311,1,11478.198206999994
2023-11-14,186.5261993,187.1929312,185.3917576,186.7849263,60108400,0.0142857508663403,175.92112223,177.128570966707,76.74347213383255,2.6539971066171972,1.0668868427248914,175.498187255,187.71417882726092,163.2821956827391,1,11641.080651399992
2023-11-15,187.0934143,188.5761558,186.8645398,186.9342059,53790500,0.0030409401045465,176.40470224666666,177.771464084984,89.03226297392109,3.0206345008970743,1.4576363743593281,176.115232085,189.3747710040266,162.8556931659734,1,11676.247981399993
2023-11-16,188.785141,190.029047,187.7302959,188.6458241,54412900,0.0090421499138786,176.90326385333336,178.48202388595277,89.179414691045,3.4084153927015564,1.847792178027774,176.835746,191.2158339795536,162.4556580204464,1,11781.135036799993
2023-11-17,188.7652283,189.4518668,187.6506933,189.3224957,50922700,-0.0001054781106952,177.31569417333333,179.14545642879455,88.23814121043083,3.6718015125745467,2.2125940449371284,177.68346557499999,192.79657027428306,162.57036087571691,1,11779.900449399993
2023-11-20,190.5166473,190.9744114,188.9543092,188.964255,46505100,0.0092782924894223,177.73681437,179.8790816462917,88.79722972675796,3.9760286034998558,2.5652809566496737,178.612792965,194.50217723237478,162.72340869762525,1,11888.488427399992
2023-11-21,189.7106018,190.5863165,188.8149955,190.4768522,38134500,-0.0042308402516171,178.15094248333335,180.51337326911158,84.41007868215979,4.104772368714862,2.8731792390627113,179.47995376,195.82080617302563,163.13910134697437,1,11838.513606399993
2023-11-22,190.3773499,191.9894474,189.8996941,190.5564802,39617700,0.0035145537132548,178.54058634333333,181.14975885820118,82.3016999371956,4.212049840963488,3.1409533594428667,180.49672775,196.8954482138813,164.09800728611867,1,11879.851988599994
2023-11-24,189.043869,189.9693278,188.3273779,189.9394753,24048300,-0.0070044094042723,178.85563507,181.65905628670436,80.7294906926465,4.14172402986523,3.3411074935273395,181.65602798,196.9375160513226,166.3745399086774,1,11797.176172799993
2023-11-27,188.8647308,189.7404455,187.9790704,188.9941019,40552600,-0.0009476012152502,179.22632853000002,182.12393851336859,77.46383582129766,4.025136098892375,3.477913214600347,182.74028167,196.71865878581934,168.76190455418066,1,11786.069604399992
2023-11-28,189.471756,190.1484487,188.4766312,188.8547835,38415400,0.0032140738899675,179.62156321,182.59799125444158,74.94401031300623,3.9363454441541705,3.5695996605111118,183.75202788500002,196.48923698816336,171.01481878183668,1,11823.705166799993
2023-11-29,188.4467926,191.1535335,188.0487487,189.9693324,43014200,-0.0054095841070898,180.03464253666664,182.97533327673568,69.05008594529338,3.7401580167193345,3.6037113317527565,184.688673395,195.7201932654461,173.65715352455388,1,11760.157435999994
2023-11-30,189.0239563,189.3921628,187.2725421,188.914492,48794400,0.0030627409044052,180.51035715666666,183.3655670201721,71.9277818992098,3.589868583638264,3.6009427821298585,185.49516601,195.17121075967506,175.81912126032492,-1,11795.941585399994
2023-12-01,190.3076935,190.6261256,188.3074827,189.4021262,45679300,0.0067913994878119,181.04145151666668,183.81344614790294,66.35139780297604,3.5336166553423993,3.587477556772367,186.186959835,195.09456473547058,177.27935493452944,-1,11795.941585399994
2023-12-04,188.506485,189.1234727,186.5361421,189.0538067,43389500,-0.0094647172002008,181.59797312333333,184.11622284803823,65.42293125846024,3.3055893479272243,3.5310999150033386,186.834407805,194.24566973897515,179.42314587102487,-1,11795.941585399994
2023-12-05,192.4770355,193.4522536,189.2528257,189.2826934,66628400,0.0210632037407094,182.28287099,184.65563011590675,68.27614832928552,3.406004011941775,3.506080734391026,187.55218124,194.1460219266214,180.95834055337863,-1,11795.941585399994
2023-12-06,191.3824158,193.8105076,191.1734329,193.5020213,41089700,-0.0056870145425739,182.91670531999998,185.08961628907406,62.75900769117705,3.358541518939603,3.4765728913007417,188.08652343499998,194.04199265543176,182.1310542145682,-1,11795.941585399994
2023-12-07,193.3229065,194.0493434,192.6462137,192.6860272,47477700,0.010139336426957,183.69273986666667,185.6207963026822,63.302156427337515,3.437878806542585,3.4688340743491106,188.66472244,194.26859528026978,183.0608495997302,-1,11795.941585399994
2023-12-08,194.7558746,195.0345084,192.7258116,193.2532265,53377300,0.007412303725115,184.65600687333333,186.21015619283176,66.21762164788485,3.575170389632774,3.4901013374058434,189.338420865,194.42058518878414,184.25625654121583,1,11795.941585399994
2023-12-11,192.238205,192.5467064,190.4867907,192.1685541,60943700,-0.0129273101782985,185.49129180666668,186.59906256748778,54.47487722806651,3.441152597585102,3.4803115894416954,189.67576828,194.57511051007705,184.77642604992295,-1,11644.881409399994
2023-12-12,193.7607727,193.7707185,190.7853438,192.1387143,52696900,0.0079202138825629,186.30875650666667,187.06110838248858,60.14961810352834,3.4183958807661554,3.467928447706588,190.16885376,194.58106541280057,185.7566421071994,-1,11644.881409399994
2023-12-13,196.9949341,197.0347324,193.900095,194.1389153,70404200,0.0166915178698603,187.21812489666667,187.7020003642635,64.69284900599754,3.619606247010381,3.4982640075673466,190.69229049999998,195.72519018331127,185.6593908166887,1,11644.881409399994
2023-12-14,197.1441956,198.6468287,195.203705,197.054638,66831600,0.0007576920730572,188.02646128333333,188.31117425044008,68.98318988666662,3.747907522591902,3.5481927105722577,191.194829565,196.69970081614053,185.68995831385945,1,11653.687837899994
2023-12-15,196.606842,197.4327824,196.0396135,196.5670285,128256700,-0.002725688161219,188.69762878333333,188.84637862137944,67.84411289730173,3.762851453915431,3.591124459240892,191.585914615,197.46838571900474,185.70344351099527,1,11621.983975499994
2023-12-18,194.9349976,195.6713954,193.4423104,195.1340195,55751900,-0.0085034904329525,189.34354451666667,189.2391927490324,62.00260824937959,3.5983116593237128,3.592561899257457,191.89440308000002,197.80110307179197,185.98770308820806,1,11523.345155899993
2023-12-19,195.9799042,195.98985,194.93502,195.203708,40714100,0.0053602822113252,189.93882243,189.67407735877225,66.53557201247531,3.5117466868165366,3.576398856769273,192.167565925,198.30672406000502,186.02840778999496,-1,11584.994645299994
2023-12-20,193.880188,196.7162849,193.880188,195.9400887,52242800,-0.0107139362506126,190.37830963333332,189.94543933562565,59.99181220756594,3.2364064936919306,3.5084003841538047,192.376045235,198.446701604396,186.305388865604,-1,11584.994645299994
2023-12-21,193.7308807,196.1191893,192.5566408,195.1439713,46482500,-0.0007701008624976,190.77737477666668,190.18966135913368,57.388186845923855,2.971891441030891,3.401098595529222,192.543721775,198.56700317201734,186.52044037798265,-1,11584.994645299994
2023-12-22,192.6561737,194.4573472,192.0292402,194.2284576,37122800,-0.0055474222597697,191.15651703,190.3487911875767,59.24613572661899,2.645050981640793,3.2498890727515364,192.72433701,198.51799693802914,186.93067708197086,-1,11584.994645299994
2023-12-26,192.1088562,192.9447574,191.8899275,192.6661237,28919300,-0.0028409029904865,191.37710367999998,190.46234376902336,49.03196770126143,2.3151757102480985,3.062946400250849,192.88654328,198.40010344454936,187.37298311545067,-1,11584.994645299994
2023-12-27,192.208374,192.5566738,190.1584191,191.5516031,48087700,0.0005180281740702,191.65408071000002,190.5749908806993,52.29155435586215,2.038281396646994,2.8580133995300785,193.02337418,198.3113263160858,187.73542204391418,-1,11584.994645299994
2023-12-28,192.6362762,193.7110129,192.2282714,193.1935437,34049900,0.0022262411938409,191.85774994,190.7079770303316,47.920461734765155,1.8322477777669803,2.652860275177459,193.23284836,198.07017552030746,188.39552119969252,-1,11584.994645299994
2023-12-29,191.5913696,193.4522481,190.7952668,192.9546857,42628800,-0.0054242462562718,192.00768178333334,190.76497009934246,40.18523157240363,1.566590737587262,2.43560636765942,193.361219025,197.8521182752247,188.87031977477528,-1,11584.994645299994
